country,question,cat_num,category,weeklyL,weeklyH,monthlyL,monthlyH,annualL,annualH
AT,G10a,1,K,0,170,0,700,0,10000
AT,G10a,2,S,170,329,700,1400,10000,20000
AT,G10a,3,D,330,439,1401,1900,20001,26000
AT,G10a,4,N,440,549,1901,2400,26001,33000
AT,G10a,5,G,550,659,2401,2800,33001,40000
AT,G10a,6,T,660,769,2801,3300,40001,46000
AT,G10a,7,L,770,879,3301,3800,46001,53000
AT,G10a,8,Q,880,1099,3801,4700,53001,66000
AT,G10a,9,F,1100,1649,4701,7100,66001,99000
AT,G10a,10,J,1650,9999999999,7101,9999999999,99001,9999999999
AT,G12a,1,K,0,120,0,500,0,7000
AT,G12a,2,S,120,229,500,1000,7000,14000
AT,G12a,3,D,230,309,1001,1300,14001,18000
AT,G12a,4,N,310,379,1301,1600,18001,23000
AT,G12a,5,G,380,459,1601,2000,23001,27000
AT,G12a,6,T,460,539,2001,2300,27001,32000
AT,G12a,7,L,540,609,2301,2600,32001,37000
AT,G12a,8,Q,610,759,2601,3300,37001,46000
AT,G12a,9,F,760,1139,3301,4900,46001,69000
AT,G12a,10,J,1140,9999999999,4901,9999999999,69001,9999999999
AT,G12b,1,K,0,100,0,400,0,6000
AT,G12b,2,S,100,189,400,800,6000,11000
AT,G12b,3,D,190,259,801,1100,11001,15000
AT,G12b,4,N,260,319,1101,1400,15001,19000
AT,G12b,5,G,320,379,1401,1600,19001,23000
AT,G12b,6,T,380,449,1601,1900,23001,27000
AT,G12b,7,L,450,509,1901,2200,27001,30000
AT,G12b,8,Q,510,639,2201,2700,30001,38000
AT,G12b,9,F,640,959,2701,4100,38001,57000
AT,G12b,10,J,960,9999999999,4101,9999999999,57001,9999999999
AT,G12c,1,K,0,40,0,200,0,2200
AT,G12c,2,S,40,69,200,300,2200,4000
AT,G12c,3,D,70,99,301,400,4001,6000
AT,G12c,4,N,100,119,401,500,6001,7000
AT,G12c,5,G,120,149,501,600,7001,9000
AT,G12c,6,T,150,169,601,700,9001,10000
AT,G12c,7,L,170,189,701,800,10001,12000
AT,G12c,8,Q,190,239,801,1000,12001,14000
AT,G12c,9,F,240,359,1001,1500,14001,22000
AT,G12c,10,J,360,9999999999,1501,9999999999,22001,9999999999
BE,G10a,1,K,,,0,900,,
BE,G10a,2,S,,,901,1800,,
BE,G10a,3,D,,,1801,2400,,
BE,G10a,4,N,,,2401,3000,,
BE,G10a,5,G,,,3001,3500,,
BE,G10a,6,T,,,3501,4100,,
BE,G10a,7,L,,,4101,4700,,
BE,G10a,8,Q,,,4701,5900,,
BE,G10a,9,F,,,5901,8900,,
BE,G10a,10,J,,,8901,9999999999,,
BE,G12a,1,K,,,0,600,,
BE,G12a,2,S,,,601,1200,,
BE,G12a,3,D,,,1201,1600,,
BE,G12a,4,N,,,1601,2000,,
BE,G12a,5,G,,,2001,2400,,
BE,G12a,6,T,,,2401,2800,,
BE,G12a,7,L,,,2801,3200,,
BE,G12a,8,Q,,,3201,3900,,
BE,G12a,9,F,,,3901,5900,,
BE,G12a,10,J,,,5901,9999999999,,
BE,G12b,1,K,,,0,400,,
BE,G12b,2,S,,,401,800,,
BE,G12b,3,D,,,801,1100,,
BE,G12b,4,N,,,1101,1300,,
BE,G12b,5,G,,,1301,1600,,
BE,G12b,6,T,,,1601,1900,,
BE,G12b,7,L,,,1901,2100,,
BE,G12b,8,Q,,,2101,2700,,
BE,G12b,9,F,,,2701,4000,,
BE,G12b,10,J,,,4001,9999999999,,
BE,G12c,1,K,,,0,150,,
BE,G12c,2,S,,,151,300,,
BE,G12c,3,D,,,301,400,,
BE,G12c,4,N,,,401,550,,
BE,G12c,5,G,,,551,650,,
BE,G12c,6,T,,,651,750,,
BE,G12c,7,L,,,751,850,,
BE,G12c,8,Q,,,851,1050,,
BE,G12c,9,F,,,1051,1600,,
BE,G12c,10,J,,,1601,9999999999,,
BG,G10a,1,K,,,0,240,,
BG,G10a,2,S,,,241,480,,
BG,G10a,3,D,,,481,640,,
BG,G10a,4,N,,,641,810,,
BG,G10a,5,G,,,811,970,,
BG,G10a,6,T,,,971,1130,,
BG,G10a,7,L,,,1131,1300,,
BG,G10a,8,Q,,,1301,1600,,
BG,G10a,9,F,,,1601,2400,,
BG,G10a,10,J,,,2401,9999999999,,
BG,G12a,1,K,,,0,190,,
BG,G12a,2,S,,,191,390,,
BG,G12a,3,D,,,391,520,,
BG,G12a,4,N,,,521,650,,
BG,G12a,5,G,,,651,780,,
BG,G12a,6,T,,,781,910,,
BG,G12a,7,L,,,911,1050,,
BG,G12a,8,Q,,,1051,1300,,
BG,G12a,9,F,,,1301,2000,,
BG,G12a,10,J,,,2001,9999999999,,
BG,G12b,1,K,,,0,110,,
BG,G12b,2,S,,,111,210,,
BG,G12b,3,D,,,211,280,,
BG,G12b,4,N,,,281,350,,
BG,G12b,5,G,,,351,420,,
BG,G12b,6,T,,,421,490,,
BG,G12b,7,L,,,491,560,,
BG,G12b,8,Q,,,561,700,,
BG,G12b,9,F,,,701,1060,,
BG,G12b,10,J,,,1061,9999999999,,
BG,G12c,1,K,,,0,50,,
BG,G12c,2,S,,,51,90,,
BG,G12c,3,D,,,91,120,,
BG,G12c,4,N,,,121,150,,
BG,G12c,5,G,,,151,180,,
BG,G12c,6,T,,,181,210,,
BG,G12c,7,L,,,211,240,,
BG,G12c,8,Q,,,241,300,,
BG,G12c,9,F,,,301,450,,
BG,G12c,10,J,,,451,9999999999,,
HR,G10a,1,K,0,600,0,2600,0,31000
HR,G10a,2,S,600,1200,2600,5200,31000,62000
HR,G10a,3,D,1200,1600,5200,6900,62000,83000
HR,G10a,4,N,1600,2000,6900,8700,83000,104000
HR,G10a,5,G,2000,2400,8700,10400,104000,125000
HR,G10a,6,T,2400,2800,10400,12100,125000,146000
HR,G10a,7,L,2800,3200,12100,13900,146000,166000
HR,G10a,8,Q,3200,4000,13900,17400,166000,208000
HR,G10a,9,F,4000,6000,17400,26000,208000,313000
HR,G10a,10,J,6000,9999999999,26000,9999999999,313000,9999999999
HR,G12a,1,K,0,450,0,1900,0,23000
HR,G12a,2,S,450,900,1900,3800,23000,46000
HR,G12a,3,D,900,1200,3800,5100,46000,62000
HR,G12a,4,N,1200,1500,5100,6400,62000,77000
HR,G12a,5,G,1500,1800,6400,7700,77000,92000
HR,G12a,6,T,1800,2100,7700,9000,92000,108000
HR,G12a,7,L,2100,2400,9000,10300,108000,123000
HR,G12a,8,Q,2400,3000,10300,12900,123000,154000
HR,G12a,9,F,3000,4500,12900,19200,154000,230000
HR,G12a,10,J,4500,9999999999,19200,9999999999,230000,9999999999
HR,G12b,1,K,0,190,0,800,0,9800
HR,G12b,2,S,190,380,800,1600,9800,19600
HR,G12b,3,D,380,500,1600,2200,19600,26000
HR,G12b,4,N,500,630,2200,2800,26000,32600
HR,G12b,5,G,630,760,2800,3300,32600,39200
HR,G12b,6,T,760,880,3300,3800,39200,45800
HR,G12b,7,L,880,1000,3800,4400,45800,52200
HR,G12b,8,Q,1000,1250,4400,5400,52200,65400
HR,G12b,9,F,1250,1900,5400,8200,65400,98000
HR,G12b,10,J,1900,9999999999,8200,9999999999,98000,9999999999
HR,G12c,1,K,0,240,0,1050,0,12600
HR,G12c,2,S,240,485,1050,2100,12600,25200
HR,G12c,3,D,485,645,2100,2800,25200,33600
HR,G12c,4,N,645,800,2800,3500,33600,42000
HR,G12c,5,G,800,970,3500,4200,42000,50400
HR,G12c,6,T,970,1130,4200,4900,50400,58800
HR,G12c,7,L,1130,1300,4900,5600,58800,67200
HR,G12c,8,Q,1300,1600,5600,7000,67200,84000
HR,G12c,9,F,1600,2400,7000,10500,84000,126000
HR,G12c,10,J,2400,9999999999,10500,9999999999,126000,9999999999
CY,G10a,1,K,,,0,500,,
CY,G10a,2,S,,,501,1000,,
CY,G10a,3,D,,,1001,1300,,
CY,G10a,4,N,,,1301,1600,,
CY,G10a,5,G,,,1601,1900,,
CY,G10a,6,T,,,1901,2200,,
CY,G10a,7,L,,,2201,2600,,
CY,G10a,8,Q,,,2601,3200,,
CY,G10a,9,F,,,3201,4800,,
CY,G10a,10,J,,,4801,9999999999,,
CY,G12a,1,K,,,0,400,,
CY,G12a,2,S,,,401,800,,
CY,G12a,3,D,,,801,1100,,
CY,G12a,4,N,,,1101,1300,,
CY,G12a,5,G,,,1301,1600,,
CY,G12a,6,T,,,1601,1900,,
CY,G12a,7,L,,,1901,2100,,
CY,G12a,8,Q,,,2101,2600,,
CY,G12a,9,F,,,2601,4000,,
CY,G12a,10,J,,,4001,9999999999,,
CY,G12b,1,K,,,0,300,,
CY,G12b,2,S,,,301,600,,
CY,G12b,3,D,,,601,900,,
CY,G12b,4,N,,,901,1100,,
CY,G12b,5,G,,,1101,1300,,
CY,G12b,6,T,,,1301,1500,,
CY,G12b,7,L,,,1501,1700,,
CY,G12b,8,Q,,,1701,2100,,
CY,G12b,9,F,,,2101,3200,,
CY,G12b,10,J,,,3201,9999999999,,
CY,G12c,1,K,,,0,160,,
CY,G12c,2,S,,,161,320,,
CY,G12c,3,D,,,321,430,,
CY,G12c,4,N,,,431,530,,
CY,G12c,5,G,,,531,640,,
CY,G12c,6,T,,,641,750,,
CY,G12c,7,L,,,751,850,,
CY,G12c,8,Q,,,851,1070,,
CY,G12c,9,F,,,1071,1600,,
CY,G12c,10,J,,,1601,9999999999,,
CZ,G10a,1,K,,,0,11300,0,134800
CZ,G10a,2,S,,,11301,13000,134801,155300
CZ,G10a,3,D,,,13001,14100,155301,169100
CZ,G10a,4,N,,,14101,15500,169101,185300
CZ,G10a,5,G,,,15501,17300,185301,207100
CZ,G10a,6,T,,,17301,19600,207101,234300
CZ,G10a,7,L,,,19601,23100,234301,276800
CZ,G10a,8,Q,,,23101,28600,276801,343000
CZ,G10a,9,F,,,28601,46800,343001,561600
CZ,G10a,10,J,,,46801,9999999999,561601,9999999999
CZ,G12a,1,K,,,0,10200,0,121700
CZ,G12a,2,S,,,10201,11700,121701,139900
CZ,G12a,3,D,,,11701,12700,139901,152300
CZ,G12a,4,N,,,12701,13900,152301,165900
CZ,G12a,5,G,,,13901,15200,165901,181700
CZ,G12a,6,T,,,15201,16700,181701,200400
CZ,G12a,7,L,,,16701,19200,200401,229600
CZ,G12a,8,Q,,,19201,23100,229601,276800
CZ,G12a,9,F,,,23101,36900,276801,441800
CZ,G12a,10,J,,,36901,9999999999,441801,9999999999
CZ,G12b,1,K,,,0,11700,,
CZ,G12b,2,S,,,11701,12400,,
CZ,G12b,3,D,,,12401,12800,,
CZ,G12b,4,N,,,12801,13100,,
CZ,G12b,5,G,,,13101,13500,,
CZ,G12b,6,T,,,13501,14000,,
CZ,G12b,7,L,,,14001,14500,,
CZ,G12b,8,Q,,,14501,15300,,
CZ,G12b,9,F,,,15301,16500,,
CZ,G12b,10,J,,,16501,9999999999,,
CZ,G12c,1,K,,,0,800,0,8800
CZ,G12c,2,S,,,801,1400,8801,15900
CZ,G12c,3,D,,,1401,2100,15901,25100
CZ,G12c,4,N,,,2101,3200,25101,37700
CZ,G12c,5,G,,,3201,4000,37701,47700
CZ,G12c,6,T,,,4001,5400,47701,64100
CZ,G12c,7,L,,,5401,6800,64101,80500
CZ,G12c,8,Q,,,6801,7800,80501,92800
CZ,G12c,9,F,,,7801,9000,92801,107900
CZ,G12c,10,J,,,9001,9999999999,107901,9999999999
DK,G10a,1,K,0,2000,0,10000,0,124000
DK,G10a,2,S,2001,5000,10001,21000,124001,248000
DK,G10a,3,D,5001,6000,21001,28000,248001,331000
DK,G10a,4,N,6001,8000,28001,35000,331001,414000
DK,G10a,5,G,8001,10000,35001,41000,414001,497000
DK,G10a,6,T,10001,11000,41001,48000,497001,579000
DK,G10a,7,L,11001,13000,48001,55000,579001,662000
DK,G10a,8,Q,13001,16000,55001,69000,662001,828000
DK,G10a,9,F,16001,24000,69001,103000,828001,1242000
DK,G10a,10,J,24001,9999999999,103001,9999999999,1242001,9999999999
DK,G12a,1,K,0,2000,0,7000,0,82000
DK,G12a,2,S,2001,3000,7001,14000,82001,163000
DK,G12a,3,D,3001,4000,14001,18000,163001,218000
DK,G12a,4,N,4001,5000,18001,23000,218001,272000
DK,G12a,5,G,5001,6000,23001,27000,272001,326000
DK,G12a,6,T,6001,7000,27001,32000,326001,381000
DK,G12a,7,L,7001,8000,32001,36000,381001,435000
DK,G12a,8,Q,8001,10000,36001,45000,435001,544000
DK,G12a,9,F,10001,16000,45001,68000,544001,816000
DK,G12a,10,J,16001,9999999999,68001,9999999999,816001,9999999999
DK,G12b,1,K,0,1000,0,4000,0,45000
DK,G12b,2,S,1001,1500,4001,8000,45001,90000
DK,G12b,3,D,1501,2000,8001,10000,90001,119000
DK,G12b,4,N,2001,3000,10001,12000,119001,149000
DK,G12b,5,G,3001,3500,12001,15000,149001,179000
DK,G12b,6,T,3501,4000,15001,17000,179001,209000
DK,G12b,7,L,4001,4500,17001,20000,209001,239000
DK,G12b,8,Q,4501,6000,20001,25000,239001,298000
DK,G12b,9,F,6001,9000,25001,37000,298001,448000
DK,G12b,10,J,9001,9999999999,37001,9999999999,448001,9999999999
DK,G12c,1,K,0,1000,0,3000,0,39000
DK,G12c,2,S,1001,1500,3001,6000,39001,77000
DK,G12c,3,D,1501,2000,6001,9000,77001,103000
DK,G12c,4,N,2001,2500,9001,11000,103001,129000
DK,G12c,5,G,2501,3000,11001,13000,129001,155000
DK,G12c,6,T,3001,3500,13001,15000,155001,181000
DK,G12c,7,L,3501,4000,15001,17000,181001,206000
DK,G12c,8,Q,4001,5000,17001,22000,206001,258000
DK,G12c,9,F,5001,7500,22001,32000,258001,387000
DK,G12c,10,J,7501,9999999999,32001,9999999999,387001,9999999999
EE,G10a,1,K,,,0,260,,
EE,G10a,2,S,,,261,410,,
EE,G10a,3,D,,,411,520,,
EE,G10a,4,N,,,521,710,,
EE,G10a,5,G,,,711,840,,
EE,G10a,6,T,,,841,1050,,
EE,G10a,7,L,,,1051,1300,,
EE,G10a,8,Q,,,1301,1600,,
EE,G10a,9,F,,,1601,2000,,
EE,G10a,10,J,,,2001,9999999999,,
EE,G12a,1,K,,,0,250,,
EE,G12a,2,S,,,251,400,,
EE,G12a,3,D,,,401,500,,
EE,G12a,4,N,,,501,650,,
EE,G12a,5,G,,,651,750,,
EE,G12a,6,T,,,751,900,,
EE,G12a,7,L,,,901,1100,,
EE,G12a,8,Q,,,1101,1300,,
EE,G12a,9,F,,,1301,1600,,
EE,G12a,10,J,,,1601,9999999999,,
EE,G12b,1,K,,,0,310,,
EE,G12b,2,S,,,311,350,,
EE,G12b,3,D,,,351,370,,
EE,G12b,4,N,,,371,390,,
EE,G12b,5,G,,,391,400,,
EE,G12b,6,T,,,401,420,,
EE,G12b,7,L,,,421,430,,
EE,G12b,8,Q,,,431,440,,
EE,G12b,9,F,,,441,470,,
EE,G12b,10,J,,,471,9999999999,,
EE,G12c,1,K,,,0,50,,
EE,G12c,2,S,,,51,60,,
EE,G12c,3,D,,,61,65,,
EE,G12c,4,N,,,66,70,,
EE,G12c,5,G,,,71,90,,
EE,G12c,6,T,,,91,110,,
EE,G12c,7,L,,,110,150,,
EE,G12c,8,Q,,,151,270,,
EE,G12c,9,F,,,271,550,,
EE,G12c,10,J,,,551,9999999999,,
FI,G10a,1,K,,,0,1799,0,20999
FI,G10a,2,S,,,1800,2199,21000,26999
FI,G10a,3,D,,,2200,2599,27000,30999
FI,G10a,4,N,,,2600,2799,31000,33999
FI,G10a,5,G,,,2800,3099,34000,36999
FI,G10a,6,T,,,3100,3399,37000,40999
FI,G10a,7,L,,,3400,3899,41000,43999
FI,G10a,8,Q,,,3900,4499,44000,53999
FI,G10a,9,F,,,4500,5799,54000,69999
FI,G10a,10,J,,,5800,9999999999,70000,9999999999
FI,G12a,1,K,,,0,1499,0,17999
FI,G12a,2,S,,,1500,1799,18000,21999
FI,G12a,3,D,,,1800,1999,22000,23999
FI,G12a,4,N,,,2000,2199,24000,25999
FI,G12a,5,G,,,2200,2299,26000,27999
FI,G12a,6,T,,,2300,2499,28000,29999
FI,G12a,7,L,,,2500,2799,30000,32999
FI,G12a,8,Q,,,2800,3099,33000,36999
FI,G12a,9,F,,,3100,3899,37000,45999
FI,G12a,10,J,,,3900,9999999999,46000,9999999999
FI,G12b,1,K,,,0,999,,
FI,G12b,2,S,,,1000,1099,,
FI,G12b,3,D,,,1100,1199,,
FI,G12b,4,N,,,1200,1299,,
FI,G12b,5,G,,,1300,1399,,
FI,G12b,6,T,,,1400,1599,,
FI,G12b,7,L,,,1600,1699,,
FI,G12b,8,Q,,,1700,1999,,
FI,G12b,9,F,,,2000,2499,,
FI,G12b,10,J,,,2500,9999999999,,
FI,G12c,1,K,,,0,49,,
FI,G12c,2,S,,,50,199,,
FI,G12c,3,D,,,200,499,,
FI,G12c,4,N,,,500,699,,
FI,G12c,5,G,,,700,899,,
FI,G12c,6,T,,,900,999,,
FI,G12c,7,L,,,1000,1199,,
FI,G12c,8,Q,,,1200,1299,,
FI,G12c,9,F,,,1300,1699,,
FI,G12c,10,J,,,1700,9999999999,,
FR,G10a,1,K,,,0,1000,0,12000
FR,G10a,2,S,,,1001,2000,12001,23900
FR,G10a,3,D,,,2001,2700,23901,31900
FR,G10a,4,N,,,2701,3300,31901,39800
FR,G10a,5,G,,,3301,4000,39801,47800
FR,G10a,6,T,,,4001,4600,47801,55800
FR,G10a,7,L,,,4601,5300,55801,63700
FR,G10a,8,Q,,,5301,6600,63701,79600
FR,G10a,9,F,,,6601,10000,79601,119000
FR,G10a,10,J,,,10001,9999999999,119001,9999999999
FR,G12a,1,K,,,0,700,0,8600
FR,G12a,2,S,,,701,1400,8601,17200
FR,G12a,3,D,,,1401,1900,17201,22900
FR,G12a,4,N,,,1901,2400,22901,28600
FR,G12a,5,G,,,2401,2900,28601,34400
FR,G12a,6,T,,,2901,3300,34401,40100
FR,G12a,7,L,,,3301,3800,40101,45900
FR,G12a,8,Q,,,3801,4800,45901,57300
FR,G12a,9,F,,,4801,7200,57301,86000
FR,G12a,10,J,,,7201,9999999999,86001,9999999999
FR,G12b,1,K,,,0,400,0,5200
FR,G12b,2,S,,,401,900,5201,10400
FR,G12b,3,D,,,901,1100,10401,13800
FR,G12b,4,N,,,1101,1400,13801,17300
FR,G12b,5,G,,,1401,1700,17301,20700
FR,G12b,6,T,,,1701,2000,20701,24200
FR,G12b,7,L,,,2001,2300,24201,27700
FR,G12b,8,Q,,,2301,2900,27701,34600
FR,G12b,9,F,,,2901,4300,34601,51900
FR,G12b,10,J,,,4301,9999999999,51901,9999999999
FR,G12c,1,K,,,0,300,0,3300
FR,G12c,2,S,,,301,600,3301,6700
FR,G12c,3,D,,,601,750,6701,8900
FR,G12c,4,N,,,751,900,8901,11100
FR,G12c,5,G,,,901,1100,11101,13300
FR,G12c,6,T,,,1101,1300,13301,15500
FR,G12c,7,L,,,1301,1500,15501,17800
FR,G12c,8,Q,,,1501,1900,17801,22200
FR,G12c,9,F,,,1901,2800,22201,33300
FR,G12c,10,J,,,2801,9999999999,33301,9999999999
DE,G10a,1,K,0,200,0,850,0,10000
DE,G10a,2,S,201,400,851,1700,10001,20000
DE,G10a,3,D,401,550,1701,2250,20001,27000
DE,G10a,4,N,551,650,2251,2800,27001,33500
DE,G10a,5,G,651,800,2801,3350,33501,40000
DE,G10a,6,T,801,900,3351,3950,40001,47000
DE,G10a,7,L,901,1000,3951,4500,47001,54000
DE,G10a,8,Q,1001,1300,4501,5600,54001,67000
DE,G10a,9,F,1301,2000,5601,8400,67001,100000
DE,G10a,10,J,2001,9999999999,8401,9999999999,100001,9999999999
DE,G12a,1,K,0,150,0,550,0,6600
DE,G12a,2,S,151,250,551,1100,6601,13500
DE,G12a,3,D,251,350,1101,1500,13501,18000
DE,G12a,4,N,351,450,1501,1850,18001,22000
DE,G12a,5,G,451,500,1851,2250,22001,27000
DE,G12a,6,T,501,600,2251,2600,27001,31000
DE,G12a,7,L,601,700,2601,3000,31001,35500
DE,G12a,8,Q,701,850,3001,3700,35501,44500
DE,G12a,9,F,851,1300,3701,5600,44501,66500
DE,G12a,10,J,1301,9999999999,5601,9999999999,66501,9999999999
DE,G12b,1,K,0,80,0,400,0,4500
DE,G12b,2,S,81,170,401,750,4501,8900
DE,G12b,3,D,171,230,751,1000,8901,11800
DE,G12b,4,N,231,280,1001,1250,11801,14800
DE,G12b,5,G,281,340,1251,1500,14801,17700
DE,G12b,6,T,341,400,1501,1750,17701,20700
DE,G12b,7,L,401,450,1751,2000,20701,23600
DE,G12b,8,Q,451,570,2001,2500,23601,29500
DE,G12b,9,F,571,850,2501,3700,29501,44200
DE,G12b,10,J,851,9999999999,3701,9999999999,44201,9999999999
DE,G12c,1,K,0,40,0,170,0,2100
DE,G12c,2,S,41,80,171,350,2101,4200
DE,G12c,3,D,81,110,351,500,4201,5600
DE,G12c,4,N,111,130,501,600,5601,7000
DE,G12c,5,G,131,160,601,700,7001,8400
DE,G12c,6,T,161,190,701,800,8401,9800
DE,G12c,7,L,191,210,801,950,9801,11200
DE,G12c,8,Q,211,270,951,1150,11201,14000
DE,G12c,9,F,271,400,1151,1750,14001,21000
DE,G12c,10,J,401,9999999999,1751,9999999999,21001,9999999999
HU,G10a,1,K,0,25000,0,100000,0,1220000
HU,G10a,2,S,25000,44999,100000,204999,1220000,2444999
HU,G10a,3,D,45000,64999,205000,269999,2445000,3259999
HU,G10a,4,N,65000,79999,270000,339999,3260000,4074999
HU,G10a,5,G,80000,94999,340000,404999,4075000,4889999
HU,G10a,6,T,95000,109999,405000,474999,4890000,5704999
HU,G10a,7,L,110000,124999,475000,544999,5705000,6514999
HU,G10a,8,Q,125000,154999,545000,679999,6515000,8144999
HU,G10a,9,F,155000,234999,680000,1019999,8145000,12219999
HU,G10a,10,J,235000,9999999999,1020000,9999999999,12220000,9999999999
HU,G12a,1,K,0,15000,0,70000,0,815000
HU,G12a,2,S,15000,29999,70000,134999,815000,1629999
HU,G12a,3,D,30000,39999,135000,179999,1630000,2169999
HU,G12a,4,N,40000,49999,180000,224999,2170000,2714999
HU,G12a,5,G,50000,64999,225000,269999,2715000,3254999
HU,G12a,6,T,65000,74999,270000,314999,3255000,3799999
HU,G12a,7,L,75000,84999,315000,359999,3800000,4339999
HU,G12a,8,Q,85000,104999,360000,449999,4340000,5424999
HU,G12a,9,F,105000,154999,450000,679999,5425000,8139999
HU,G12a,10,J,155000,9999999999,680000,9999999999,8140000,9999999999
HU,G12b,1,K,,,0,40000,,
HU,G12b,2,S,,,40000,79999,,
HU,G12b,3,D,,,80000,104999,,
HU,G12b,4,N,,,105000,129999,,
HU,G12b,5,G,,,130000,154999,,
HU,G12b,6,T,,,155000,184999,,
HU,G12b,7,L,,,185000,209999,,
HU,G12b,8,Q,,,210000,259999,,
HU,G12b,9,F,,,260000,389999,,
HU,G12b,10,J,,,390000,9999999999,,
HU,G12c,1,K,,,0,15000,,
HU,G12c,2,S,,,15000,34999,,
HU,G12c,3,D,,,35000,44999,,
HU,G12c,4,N,,,45000,54999,,
HU,G12c,5,G,,,55000,69999,,
HU,G12c,6,T,,,70000,79999,,
HU,G12c,7,L,,,80000,89999,,
HU,G12c,8,Q,,,90000,114999,,
HU,G12c,9,F,,,115000,169999,,
HU,G12c,10,J,,,170000,9999999999,,
IS,G10a,1,K,,,0,170000,,
IS,G10a,2,S,,,170001,350000,,
IS,G10a,3,D,,,350001,450000,,
IS,G10a,4,N,,,450001,550000,,
IS,G10a,5,G,,,550001,700000,,
IS,G10a,6,T,,,700001,800000,,
IS,G10a,7,L,,,800001,950000,,
IS,G10a,8,Q,,,950001,1200000,,
IS,G10a,9,F,,,1200001,1700000,,
IS,G10a,10,J,,,1700001,9999999999,,
IS,G12a,1,K,,,0,120000,,
IS,G12a,2,S,,,120001,240000,,
IS,G12a,3,D,,,240001,320000,,
IS,G12a,4,N,,,320001,400000,,
IS,G12a,5,G,,,400001,480000,,
IS,G12a,6,T,,,480001,550000,,
IS,G12a,7,L,,,550001,650000,,
IS,G12a,8,Q,,,650001,800000,,
IS,G12a,9,F,,,800001,1200000,,
IS,G12a,10,J,,,1200001,9999999999,,
IS,G12b,1,K,,,0,80000,,
IS,G12b,2,S,,,80001,150000,,
IS,G12b,3,D,,,150001,200000,,
IS,G12b,4,N,,,200001,250000,,
IS,G12b,5,G,,,250001,300000,,
IS,G12b,6,T,,,300001,350000,,
IS,G12b,7,L,,,350001,400000,,
IS,G12b,8,Q,,,400001,500000,,
IS,G12b,9,F,,,500001,750000,,
IS,G12b,10,J,,,750001,9999999999,,
IS,G12c,1,K,,,0,70000,,
IS,G12c,2,S,,,70001,140000,,
IS,G12c,3,D,,,140001,180000,,
IS,G12c,4,N,,,180001,230000,,
IS,G12c,5,G,,,230001,280000,,
IS,G12c,6,T,,,280001,320000,,
IS,G12c,7,L,,,320001,370000,,
IS,G12c,8,Q,,,370001,460000,,
IS,G12c,9,F,,,460001,690000,,
IS,G12c,10,J,,,690001,9999999999,,
IE,G10a,1,K,0,199,0,849,0,10199
IE,G10a,2,S,200,399,850,1699,10200,20399
IE,G10a,3,D,400,499,1700,2249,20400,27199
IE,G10a,4,N,500,649,2250,2799,27200,33999
IE,G10a,5,G,650,799,2800,3399,34000,40799
IE,G10a,6,T,800,899,3400,3999,40800,47599
IE,G10a,7,L,900,1049,4000,4499,47600,54399
IE,G10a,8,Q,1050,1299,4500,5699,54400,67999
IE,G10a,9,F,1300,1949,5700,8499,68000,101999
IE,G10a,10,J,1950,9999999999,8500,9999999999,102000,9999999999
IE,G12a,1,K,0,139,0,600,0,7200
IE,G12a,2,S,140,279,600,1199,7200,14399
IE,G12a,3,D,280,369,1200,1599,14400,19199
IE,G12a,4,N,370,459,1600,1999,19200,23999
IE,G12a,5,G,460,559,2000,2399,24000,28999
IE,G12a,6,T,560,649,2400,2799,29000,33699
IE,G12a,7,L,650,739,2800,3199,33700,38499
IE,G12a,8,Q,740,929,3200,3999,38500,47999
IE,G12a,9,F,930,1399,4000,5999,48000,71999
IE,G12a,10,J,1400,9999999999,6000,9999999999,72000,9999999999
IE,G12b,1,K,0,110,0,500,0,5800
IE,G12b,2,S,110,219,500,999,5800,11699
IE,G12b,3,D,220,299,1000,1299,11700,15499
IE,G12b,4,N,300,369,1300,1599,15500,19399
IE,G12b,5,G,370,449,1600,1899,19400,23299
IE,G12b,6,T,450,529,1900,2299,23300,27199
IE,G12b,7,L,530,599,2300,2599,27200,30999
IE,G12b,8,Q,600,749,2600,3199,31000,38899
IE,G12b,9,F,750,1119,3200,4899,38900,58299
IE,G12b,10,J,1120,9999999999,4900,9999999999,58300,9999999999
IE,G12c,1,K,0,30,0,130,0,1500
IE,G12c,2,S,30,59,130,259,1500,3099
IE,G12c,3,D,60,79,260,339,3100,4099
IE,G12c,4,N,80,99,340,429,4100,5099
IE,G12c,5,G,100,119,430,509,5100,6099
IE,G12c,6,T,120,139,510,599,6100,7099
IE,G12c,7,L,140,159,600,679,7100,8199
IE,G12c,8,Q,160,199,680,849,8200,10199
IE,G12c,9,F,200,294,850,1299,10200,15299
IE,G12c,10,J,295,9999999999,1300,9999999999,15300,9999999999
IT,G10a,1,K,,,0,650,0,7500
IT,G10a,2,S,,,651,1300,7501,15000
IT,G10a,3,D,,,1301,1700,15001,20000
IT,G10a,4,N,,,1701,2000,20001,25000
IT,G10a,5,G,,,2001,2500,25001,30000
IT,G10a,6,T,,,2501,3000,30001,35000
IT,G10a,7,L,,,3001,3500,35001,40000
IT,G10a,8,Q,,,3501,4000,40001,50000
IT,G10a,9,F,,,4001,6500,50001,75000
IT,G10a,10,J,,,6501,9999999999,75001,9999999999
IT,G12a,1,K,,,0,450,0,5500
IT,G12a,2,S,,,451,900,5501,11000
IT,G12a,3,D,,,901,1200,11001,15000
IT,G12a,4,N,,,1201,1500,15001,18000
IT,G12a,5,G,,,1501,1800,18001,21000
IT,G12a,6,T,,,1801,2000,21001,25000
IT,G12a,7,L,,,2001,2500,25001,30000
IT,G12a,8,Q,,,2501,3000,30001,35000
IT,G12a,9,F,,,3001,4500,35001,55000
IT,G12a,10,J,,,4501,9999999999,55001,9999999999
IT,G12b,1,K,,,0,400,0,4500
IT,G12b,2,S,,,401,800,4501,9500
IT,G12b,3,D,,,801,1000,9501,12500
IT,G12b,4,N,,,1001,1300,12501,15500
IT,G12b,5,G,,,1301,1500,15501,18500
IT,G12b,6,T,,,1501,1800,18501,21500
IT,G12b,7,L,,,1801,2000,21501,25000
IT,G12b,8,Q,,,2001,2500,25001,31000
IT,G12b,9,F,,,2501,2800,31001,46500
IT,G12b,10,J,,,3801,9999999999,46500,9999999999
IT,G12c,1,K,,,0,200,0,2300
IT,G12c,2,S,,,201,400,2301,4500
IT,G12c,3,D,,,401,500,4501,6000
IT,G12c,4,N,,,501,600,6001,7500
IT,G12c,5,G,,,601,750,7501,9000
IT,G12c,6,T,,,751,900,9001,10500
IT,G12c,7,L,,,901,1000,10501,12000
IT,G12c,8,Q,,,1001,1300,12001,15000
IT,G12c,9,F,,,1301,1900,15001,22500
IT,G12c,10,J,,,1901,9999999999,22501,9999999999
LV,G10a,1,K,,,0,300,,
LV,G10a,2,S,,,300,650,,
LV,G10a,3,D,,,651,850,,
LV,G10a,4,N,,,851,1050,,
LV,G10a,5,G,,,1051,1300,,
LV,G10a,6,T,,,1301,1500,,
LV,G10a,7,L,,,1501,1700,,
LV,G10a,8,Q,,,1701,2100,,
LV,G10a,9,F,,,2101,3200,,
LV,G10a,10,J,,,3201,9999999999,,
LV,G12a,1,K,,,0,190,,
LV,G12a,2,S,,,190,370,,
LV,G12a,3,D,,,371,500,,
LV,G12a,4,N,,,501,620,,
LV,G12a,5,G,,,621,750,,
LV,G12a,6,T,,,751,850,,
LV,G12a,7,L,,,851,1000,,
LV,G12a,8,Q,,,1001,1250,,
LV,G12a,9,F,,,1251,1850,,
LV,G12a,10,J,,,1851,9999999999,,
LV,G12b,1,K,,,0,90,,
LV,G12b,2,S,,,90,180,,
LV,G12b,3,D,,,181,240,,
LV,G12b,4,N,,,241,300,,
LV,G12b,5,G,,,301,360,,
LV,G12b,6,T,,,361,420,,
LV,G12b,7,L,,,421,480,,
LV,G12b,8,Q,,,481,600,,
LV,G12b,9,F,,,601,900,,
LV,G12b,10,J,,,901,9999999999,,
LV,G12c,1,K,,,0,40,,
LV,G12c,2,S,,,40,70,,
LV,G12c,3,D,,,71,90,,
LV,G12c,4,N,,,91,110,,
LV,G12c,5,G,,,111,140,,
LV,G12c,6,T,,,141,160,,
LV,G12c,7,L,,,161,180,,
LV,G12c,8,Q,,,181,220,,
LV,G12c,9,F,,,221,340,,
LV,G12c,10,J,,,341,9999999999,,
LT,G10a,1,K,,,0,375,0,4500
LT,G10a,2,S,,,375,750,4501,9000
LT,G10a,3,D,,,751,1000,9001,12000
LT,G10a,4,N,,,1001,1250,12001,15000
LT,G10a,5,G,,,1251,1500,15001,18000
LT,G10a,6,T,,,1501,1750,18001,21000
LT,G10a,7,L,,,1751,2000,21001,24000
LT,G10a,8,Q,,,2001,2500,24001,30000
LT,G10a,9,F,,,2501,3750,30001,45000
LT,G10a,10,J,,,3751,9999999999,45001,9999999999
LT,G12a,1,K,,,0,250,0,2900
LT,G12a,2,S,,,250,500,2901,5900
LT,G12a,3,D,,,501,600,5901,7900
LT,G12a,4,N,,,601,800,7901,9900
LT,G12a,5,G,,,801,1000,9901,11900
LT,G12a,6,T,,,1001,1150,11901,13900
LT,G12a,7,L,,,1151,1300,13901,15900
LT,G12a,8,Q,,,1301,1650,15901,19800
LT,G12a,9,F,,,1651,2450,19801,29700
LT,G12a,10,J,,,2451,9999999999,29701,9999999999
LT,G12b,1,K,,,0,100,,
LT,G12b,2,S,,,101,210,,
LT,G12b,3,D,,,211,280,,
LT,G12b,4,N,,,281,350,,
LT,G12b,5,G,,,351,410,,
LT,G12b,6,T,,,411,480,,
LT,G12b,7,L,,,481,550,,
LT,G12b,8,Q,,,551,690,,
LT,G12b,9,F,,,690,1030,,
LT,G12b,10,J,,,1031,9999999999,,
LT,G12c,1,K,,,0,45,,
LT,G12c,2,S,,,45,90,,
LT,G12c,3,D,,,91,120,,
LT,G12c,4,N,,,121,150,,
LT,G12c,5,G,,,151,170,,
LT,G12c,6,T,,,171,200,,
LT,G12c,7,L,,,201,230,,
LT,G12c,8,Q,,,231,290,,
LT,G12c,9,F,,,291,440,,
LT,G12c,10,J,,,441,9999999999,,
ME,G10a,1,K,,,0,230,,
ME,G10a,2,S,,,231,460,,
ME,G10a,3,D,,,461,610,,
ME,G10a,4,N,,,611,760,,
ME,G10a,5,G,,,761,910,,
ME,G10a,6,T,,,911,1070,,
ME,G10a,7,L,,,1071,1220,,
ME,G10a,8,Q,,,1221,1520,,
ME,G10a,9,F,,,1521,2280,,
ME,G10a,10,J,,,2281,9999999999,,
ME,G12a,1,K,,,0,150,,
ME,G12a,2,S,,,151,300,,
ME,G12a,3,D,,,301,400,,
ME,G12a,4,N,,,401,500,,
ME,G12a,5,G,,,501,600,,
ME,G12a,6,T,,,601,700,,
ME,G12a,7,L,,,701,800,,
ME,G12a,8,Q,,,801,1000,,
ME,G12a,9,F,,,1001,1500,,
ME,G12a,10,J,,,1501,9999999999,,
ME,G12b,1,K,,,0,90,,
ME,G12b,2,S,,,91,170,,
ME,G12b,3,D,,,171,230,,
ME,G12b,4,N,,,231,290,,
ME,G12b,5,G,,,291,340,,
ME,G12b,6,T,,,341,400,,
ME,G12b,7,L,,,401,450,,
ME,G12b,8,Q,,,451,570,,
ME,G12b,9,F,,,571,850,,
ME,G12b,10,J,,,851,9999999999,,
ME,G12c,1,K,,,0,40,,
ME,G12c,2,S,,,41,80,,
ME,G12c,3,D,,,81,110,,
ME,G12c,4,N,,,111,130,,
ME,G12c,5,G,,,131,160,,
ME,G12c,6,T,,,161,190,,
ME,G12c,7,L,,,191,210,,
ME,G12c,8,Q,,,211,270,,
ME,G12c,9,F,,,271,400,,
ME,G12c,10,J,,,401,9999999999,,
NL,G10a,1,K,0,300,0,1200,0,14000
NL,G10a,2,S,300,500,1200,2400,14000,28000
NL,G10a,3,D,500,700,2400,3200,28000,38000
NL,G10a,4,N,700,900,3200,4000,38000,48000
NL,G10a,5,G,900,1100,4000,4700,48000,57000
NL,G10a,6,T,1100,1300,4700,5600,57000,67000
NL,G10a,7,L,1300,1500,5600,6400,67000,76000
NL,G10a,8,Q,1500,1800,6400,8000,76000,95000
NL,G10a,9,F,1800,2700,8000,12000,95000,140000
NL,G10a,10,J,2700,9999999999,12000,9999999999,140000,9999999999
NL,G12a,1,K,0,180,0,750,0,9000
NL,G12a,2,S,180,350,750,1500,9000,18000
NL,G12a,3,D,350,470,1500,2000,18000,24000
NL,G12a,4,N,470,590,2000,2500,24000,31000
NL,G12a,5,G,590,700,2500,3000,31000,37000
NL,G12a,6,T,700,820,3000,3500,37000,43000
NL,G12a,7,L,820,940,3500,4000,43000,49000
NL,G12a,8,Q,940,1170,4000,5000,49000,61000
NL,G12a,9,F,1170,1760,5000,7500,61000,91000
NL,G12a,10,J,1760,9999999999,7500,9999999999,91000,9999999999
NL,G12b,1,K,0,100,0,500,0,6000
NL,G12b,2,S,100,200,500,1000,6000,13000
NL,G12b,3,D,200,300,1000,1400,13000,17000
NL,G12b,4,N,300,400,1400,1700,17000,21000
NL,G12b,5,G,400,500,1700,2100,21000,25000
NL,G12b,6,T,500,600,2100,2400,25000,30000
NL,G12b,7,L,600,700,2400,2800,30000,34000
NL,G12b,8,Q,700,800,2800,3500,34000,42000
NL,G12b,9,F,800,1200,3500,5200,42000,63000
NL,G12b,10,J,1200,9999999999,5200,9999999999,63000,9999999999
NL,G12c,1,K,0,60,0,300,0,3400
NL,G12c,2,S,60,130,300,600,3400,6800
NL,G12c,3,D,130,170,600,750,6800,9000
NL,G12c,4,N,170,220,750,900,9000,11000
NL,G12c,5,G,220,260,900,1200,11000,14000
NL,G12c,6,T,260,300,1200,1300,14000,16000
NL,G12c,7,L,300,350,1300,1500,16000,18000
NL,G12c,8,Q,350,430,1500,1900,18000,23000
NL,G12c,9,F,430,650,1900,2800,23000,34000
NL,G12c,10,J,650,9999999999,2800,9999999999,34000,9999999999
NO,G10a,1,K,0,3000,0,13000,0,160000
NO,G10a,2,S,3000,6100,13001,27000,160001,320000
NO,G10a,3,D,6101,8200,27001,35000,320001,426000
NO,G10a,4,N,8201,10200,35001,44000,426001,532000
NO,G10a,5,G,10201,12300,44001,53000,532001,639000
NO,G10a,6,T,12301,14300,53001,62000,639001,745000
NO,G10a,7,L,14301,16400,62001,71000,745001,852000
NO,G10a,8,Q,16401,20500,71001,89000,852001,1065000
NO,G10a,9,F,20501,30700,89001,133000,1065001,1600000
NO,G10a,10,J,30701,9999999999,133001,9999999999,1600001,9999999999
NO,G12a,1,K,0,2200,0,9600,0,115000
NO,G12a,2,S,2201,4400,9601,19000,115001,231000
NO,G12a,3,D,4401,5900,19001,26000,231001,308000
NO,G12a,4,N,5901,7400,26001,32000,308001,385000
NO,G12a,5,G,7401,8900,32001,38000,385001,462000
NO,G12a,6,T,8901,10400,38001,45000,462001,539000
NO,G12a,7,L,10401,11800,45001,51000,539001,616000
NO,G12a,8,Q,11801,14800,51001,64000,616001,770000
NO,G12a,9,F,14801,22200,64001,96000,770001,1154000
NO,G12a,10,J,22201,9999999999,96001,9999999999,1154001,9999999999
NO,G12b,1,K,0,1600,0,7000,0,83000
NO,G12b,2,S,1601,3200,7001,14000,83001,167000
NO,G12b,3,D,3201,4300,14001,19000,167001,222000
NO,G12b,4,N,4301,5300,19001,23000,222001,278000
NO,G12b,5,G,5301,6400,23001,28000,278001,334000
NO,G12b,6,T,6401,7500,28001,32000,334001,389000
NO,G12b,7,L,7501,8600,32001,37000,389001,445000
NO,G12b,8,Q,8601,10700,37001,46000,445001,556000
NO,G12b,9,F,10701,16000,46001,70000,556001,834000
NO,G12b,10,J,16001,9999999999,70001,9999999999,834001,9999999999
NO,G12c,1,K,0,850,0,3700,0,45000
NO,G12c,2,S,851,1700,3701,7400,45001,89000
NO,G12c,3,D,1701,2300,7401,9900,89001,119000
NO,G12c,4,N,2301,2900,9901,12400,119001,148000
NO,G12c,5,G,2901,3400,12401,14800,148001,178000
NO,G12c,6,T,3401,4000,14801,17300,178001,208000
NO,G12c,7,L,4001,4600,17301,19800,208001,237000
NO,G12c,8,Q,4601,5700,19801,24800,237001,297000
NO,G12c,9,F,5701,8600,24801,37000,297001,445000
NO,G12c,10,J,8601,9999999999,37001,9999999999,445001,9999999999
PL,G10a,1,K,0,300,0,1300,0,16000
PL,G10a,2,S,301,600,1301,2600,16001,31000
PL,G10a,3,D,601,800,2601,3500,31001,42000
PL,G10a,4,N,801,1000,3501,4300,42001,52000
PL,G10a,5,G,1001,1200,4301,5200,52001,62000
PL,G10a,6,T,1201,1400,5201,6100,62001,73000
PL,G10a,7,L,1401,1600,6101,6900,73001,83000
PL,G10a,8,Q,1601,2000,6901,8700,83001,104000
PL,G10a,9,F,2001,3000,8701,13000,104001,156000
PL,G10a,10,J,3001,9999999999,13001,9999999999,156001,9999999999
PL,G12a,1,K,0,200,0,900,0,11000
PL,G12a,2,S,201,450,901,1800,11001,22000
PL,G12a,3,D,451,550,1801,2500,22001,30000
PL,G12a,4,N,551,700,2501,3100,30001,37000
PL,G12a,5,G,701,850,3101,3700,37001,44000
PL,G12a,6,T,851,1000,3701,4300,44001,52000
PL,G12a,7,L,1001,1150,4301,4900,52001,59000
PL,G12a,8,Q,1151,1400,4901,6200,59001,74000
PL,G12a,9,F,1401,2150,6201,9200,74001,111000
PL,G12a,10,J,2151,9999999999,9201,9999999999,111001,9999999999
PL,G12b,1,K,,,0,600,,
PL,G12b,2,S,,,601,1100,,
PL,G12b,3,D,,,1101,1500,,
PL,G12b,4,N,,,1501,1900,,
PL,G12b,5,G,,,1901,2200,,
PL,G12b,6,T,,,2201,2600,,
PL,G12b,7,L,,,2601,3000,,
PL,G12b,8,Q,,,3001,3700,,
PL,G12b,9,F,,,3701,5600,,
PL,G12b,10,J,,,5601,9999999999,,
PL,G12c,1,K,0,100,0,400,0,5000
PL,G12c,2,S,101,200,401,900,5001,10000
PL,G12c,3,D,201,250,901,1200,10001,14000
PL,G12c,4,N,251,350,1201,1400,14001,17000
PL,G12c,5,G,351,400,1401,1700,17001,21000
PL,G12c,6,T,401,450,1701,2000,21001,24000
PL,G12c,7,L,451,500,2001,2300,24001,28000
PL,G12c,8,Q,501,650,2301,2900,28001,35000
PL,G12c,9,F,651,1000,2901,4300,35001,52000
PL,G12c,10,J,1001,9999999999,4301,9999999999,52001,9999999999
PT,G10a,1,K,,,0,350,,
PT,G10a,2,S,,,351,700,,
PT,G10a,3,D,,,701,950,,
PT,G10a,4,N,,,951,1200,,
PT,G10a,5,G,,,1201,1400,,
PT,G10a,6,T,,,1401,1650,,
PT,G10a,7,L,,,1651,1900,,
PT,G10a,8,Q,,,1901,2400,,
PT,G10a,9,F,,,2401,3550,,
PT,G10a,10,J,,,3551,9999999999,,
PT,G12a,1,K,,,0,250,,
PT,G12a,2,S,,,251,550,,
PT,G12a,3,D,,,551,700,,
PT,G12a,4,N,,,701,900,,
PT,G12a,5,G,,,901,1050,,
PT,G12a,6,T,,,1051,1250,,
PT,G12a,7,L,,,1251,1450,,
PT,G12a,8,Q,,,1451,1800,,
PT,G12a,9,F,,,1801,2700,,
PT,G12a,10,J,,,2701,9999999999,,
PT,G12b,1,K,,,0,100,,
PT,G12b,2,S,,,101,250,,
PT,G12b,3,D,,,251,350,,
PT,G12b,4,N,,,351,400,,
PT,G12b,5,G,,,401,500,,
PT,G12b,6,T,,,501,600,,
PT,G12b,7,L,,,601,650,,
PT,G12b,8,Q,,,651,800,,
PT,G12b,9,F,,,801,1250,,
PT,G12b,10,J,,,1251,9999999999,,
PT,G12c,1,K,,,0,50,,
PT,G12c,2,S,,,51,90,,
PT,G12c,3,D,,,91,120,,
PT,G12c,4,N,,,121,150,,
PT,G12c,5,G,,,151,180,,
PT,G12c,6,T,,,181,210,,
PT,G12c,7,L,,,211,240,,
PT,G12c,8,Q,,,241,300,,
PT,G12c,9,F,,,301,450,,
PT,G12c,10,J,,,451,9999999999,,
RS,G10a,1,K,,,0,17000,,
RS,G10a,2,S,,,17001,34000,,
RS,G10a,3,D,,,34001,45000,,
RS,G10a,4,N,,,45001,57000,,
RS,G10a,5,G,,,57001,68000,,
RS,G10a,6,T,,,68001,80000,,
RS,G10a,7,L,,,80001,91000,,
RS,G10a,8,Q,,,91001,115000,,
RS,G10a,9,F,,,115001,170000,,
RS,G10a,10,J,,,170001,9999999999,,
RS,G12a,1,K,,,0,12000,,
RS,G12a,2,S,,,12001,24000,,
RS,G12a,3,D,,,24001,32000,,
RS,G12a,4,N,,,32001,40000,,
RS,G12a,5,G,,,40001,48000,,
RS,G12a,6,T,,,48001,56000,,
RS,G12a,7,L,,,56001,64000,,
RS,G12a,8,Q,,,64001,80000,,
RS,G12a,9,F,,,80001,120000,,
RS,G12a,10,J,,,120001,9999999999,,
RS,G12b,1,K,,,0,7500,,
RS,G12b,2,S,,,7501,15000,,
RS,G12b,3,D,,,15001,20000,,
RS,G12b,4,N,,,20001,25000,,
RS,G12b,5,G,,,25001,30000,,
RS,G12b,6,T,,,30001,35000,,
RS,G12b,7,L,,,35001,40000,,
RS,G12b,8,Q,,,40001,50000,,
RS,G12b,9,F,,,50001,75000,,
RS,G12b,10,J,,,75001,9999999999,,
RS,G12c,1,K,,,0,5000,,
RS,G12c,2,S,,,5001,10000,,
RS,G12c,3,D,,,10001,13000,,
RS,G12c,4,N,,,13001,16000,,
RS,G12c,5,G,,,16001,20000,,
RS,G12c,6,T,,,20001,23000,,
RS,G12c,7,L,,,23001,26000,,
RS,G12c,8,Q,,,26001,33000,,
RS,G12c,9,F,,,33001,50000,,
RS,G12c,10,J,,,50001,9999999999,,
SK,G10a,1,K,,,0,250,,
SK,G10a,2,S,,,251,500,,
SK,G10a,3,D,,,501,650,,
SK,G10a,4,N,,,651,850,,
SK,G10a,5,G,,,851,1000,,
SK,G10a,6,T,,,1001,1150,,
SK,G10a,7,L,,,1151,1300,,
SK,G10a,8,Q,,,1301,1700,,
SK,G10a,9,F,,,1701,2500,,
SK,G10a,10,J,,,2501,9999999999,,
SK,G12a,1,K,,,0,200,,
SK,G12a,2,S,,,201,400,,
SK,G12a,3,D,,,401,550,,
SK,G12a,4,N,,,551,700,,
SK,G12a,5,G,,,701,800,,
SK,G12a,6,T,,,801,1000,,
SK,G12a,7,L,,,1001,1100,,
SK,G12a,8,Q,,,1101,1350,,
SK,G12a,9,F,,,1351,2050,,
SK,G12a,10,J,,,2051,9999999999,,
SK,G12b,1,K,,,0,120,,
SK,G12b,2,S,,,121,200,,
SK,G12b,3,D,,,201,300,,
SK,G12b,4,N,,,301,400,,
SK,G12b,5,G,,,401,500,,
SK,G12b,6,T,,,501,550,,
SK,G12b,7,L,,,551,650,,
SK,G12b,8,Q,,,651,800,,
SK,G12b,9,F,,,801,1200,,
SK,G12b,10,J,,,1201,9999999999,,
SK,G12c,1,K,,,0,80,,
SK,G12c,2,S,,,81,150,,
SK,G12c,3,D,,,151,200,,
SK,G12c,4,N,,,201,250,,
SK,G12c,5,G,,,251,300,,
SK,G12c,6,T,,,301,350,,
SK,G12c,7,L,,,351,400,,
SK,G12c,8,Q,,,401,500,,
SK,G12c,9,F,,,501,750,,
SK,G12c,10,J,,,751,9999999999,,
SI,G10a,1,K,,,0,500,,
SI,G10a,2,S,,,501,1000,,
SI,G10a,3,D,,,1001,1300,,
SI,G10a,4,N,,,1301,1700,,
SI,G10a,5,G,,,1701,2000,,
SI,G10a,6,T,,,2001,2300,,
SI,G10a,7,L,,,2301,2700,,
SI,G10a,8,Q,,,2701,3300,,
SI,G10a,9,F,,,3301,5000,,
SI,G10a,10,J,,,5001,9999999999,,
SI,G12a,1,K,,,0,300,,
SI,G12a,2,S,,,301,650,,
SI,G12a,3,D,,,651,850,,
SI,G12a,4,N,,,851,1100,,
SI,G12a,5,G,,,1101,1300,,
SI,G12a,6,T,,,1301,1500,,
SI,G12a,7,L,,,1501,1700,,
SI,G12a,8,Q,,,1701,2200,,
SI,G12a,9,F,,,2201,3200,,
SI,G12a,10,J,,,3201,9999999999,,
SI,G12b,1,K,,,0,200,,
SI,G12b,2,S,,,201,400,,
SI,G12b,3,D,,,401,500,,
SI,G12b,4,N,,,501,650,,
SI,G12b,5,G,,,651,800,,
SI,G12b,6,T,,,801,900,,
SI,G12b,7,L,,,901,1000,,
SI,G12b,8,Q,,,1001,1300,,
SI,G12b,9,F,,,1301,1900,,
SI,G12b,10,J,,,1901,9999999999,,
SI,G12c,1,K,,,0,80,,
SI,G12c,2,S,,,81,170,,
SI,G12c,3,D,,,171,220,,
SI,G12c,4,N,,,221,280,,
SI,G12c,5,G,,,281,340,,
SI,G12c,6,T,,,341,400,,
SI,G12c,7,L,,,401,450,,
SI,G12c,8,Q,,,451,550,,
SI,G12c,9,F,,,551,850,,
SI,G12c,10,J,,,851,9999999999,,
ES,G10a,1,K,,,0,400,0,4500
ES,G10a,2,S,,,401,750,4501,8600
ES,G10a,3,D,,,751,1000,8601,11900
ES,G10a,4,N,,,1001,1300,11901,15200
ES,G10a,5,G,,,1301,1500,15201,18200
ES,G10a,6,T,,,1501,1800,18201,21700
ES,G10a,7,L,,,1801,2200,21701,26300
ES,G10a,8,Q,,,2201,2700,26301,32200
ES,G10a,9,F,,,2701,3500,32201,41400
ES,G10a,10,J,,,3501,9999999999,41401,9999999999
ES,G12a,1,K,,,0,340,0,4100
ES,G12a,2,S,,,341,650,4101,7800
ES,G12a,3,D,,,651,900,7801,10800
ES,G12a,4,N,,,901,1100,10801,13200
ES,G12a,5,G,,,1101,1300,13201,15500
ES,G12a,6,T,,,1301,1500,15501,18000
ES,G12a,7,L,,,1501,1800,18001,21200
ES,G12a,8,Q,,,1801,2100,21201,25000
ES,G12a,9,F,,,2101,2600,25001,31200
ES,G12a,10,J,,,2601,9999999999,31201,9999999999
ES,G12b,1,K,,,0,475,0,5700
ES,G12b,2,S,,,476,710,5701,8500
ES,G12b,3,D,,,711,750,8501,8900
ES,G12b,4,N,,,751,850,8901,10400
ES,G12b,5,G,,,851,1000,10401,12300
ES,G12b,6,T,,,1001,1250,12301,15000
ES,G12b,7,L,,,1251,1500,15001,18300
ES,G12b,8,Q,,,1501,1900,18301,23000
ES,G12b,9,F,,,1901,2400,23001,28500
ES,G12b,10,J,,,2401,9999999999,28501,9999999999
ES,G12c,1,K,,,0,110,0,1300
ES,G12c,2,S,,,111,200,1301,2400
ES,G12c,3,D,,,201,270,2401,3200
ES,G12c,4,N,,,271,410,3201,4900
ES,G12c,5,G,,,411,450,4901,5400
ES,G12c,6,T,,,451,710,5401,8500
ES,G12c,7,L,,,711,760,8501,9100
ES,G12c,8,Q,,,761,860,9101,10300
ES,G12c,9,F,,,861,1120,10301,13400
ES,G12c,10,J,,,1121,9999999999,13401,9999999999
SE,G10a,1,K,,,0,8999,,
SE,G10a,2,S,,,9000,17999,,
SE,G10a,3,D,,,18000,23999,,
SE,G10a,4,N,,,24000,29999,,
SE,G10a,5,G,,,30000,35999,,
SE,G10a,6,T,,,36000,41999,,
SE,G10a,7,L,,,42000,47999,,
SE,G10a,8,Q,,,48000,59999,,
SE,G10a,9,F,,,60000,89999,,
SE,G10a,10,J,,,90000,9999999999,,
SE,G12a,1,K,,,0,5999,,
SE,G12a,2,S,,,6000,12999,,
SE,G12a,3,D,,,13000,16999,,
SE,G12a,4,N,,,17000,21999,,
SE,G12a,5,G,,,22000,25999,,
SE,G12a,6,T,,,26000,29999,,
SE,G12a,7,L,,,30000,34999,,
SE,G12a,8,Q,,,35000,42999,,
SE,G12a,9,F,,,43000,64999,,
SE,G12a,10,J,,,65000,9999999999,,
SE,G12b,1,K,,,0,3999,,
SE,G12b,2,S,,,4000,8999,,
SE,G12b,3,D,,,9000,10999,,
SE,G12b,4,N,,,11000,13999,,
SE,G12b,5,G,,,14000,16999,,
SE,G12b,6,T,,,17000,19999,,
SE,G12b,7,L,,,20000,22999,,
SE,G12b,8,Q,,,23000,28999,,
SE,G12b,9,F,,,29000,42999,,
SE,G12b,10,J,,,43000,9999999999,,
SE,G12c,1,K,,,0,1999,,
SE,G12c,2,S,,,2000,4999,,
SE,G12c,3,D,,,5000,5999,,
SE,G12c,4,N,,,6000,7999,,
SE,G12c,5,G,,,8000,8999,,
SE,G12c,6,T,,,9000,10999,,
SE,G12c,7,L,,,11000,12999,,
SE,G12c,8,Q,,,13000,15999,,
SE,G12c,9,F,,,16000,23999,,
SE,G12c,10,J,,,24000,9999999999,,
CH,G10a,1,K,0,400,0,1900,0,23000
CH,G10a,2,S,401,900,1901,3900,23001,46000
CH,G10a,3,D,901,1200,3901,5100,46001,62000
CH,G10a,4,N,1201,1500,5101,6400,62001,77000
CH,G10a,5,G,1501,1800,6401,7700,77001,92000
CH,G10a,6,T,1801,2100,7701,9000,92001,108000
CH,G10a,7,L,2101,2400,9001,10300,108001,123000
CH,G10a,8,Q,2401,3000,10301,12800,123001,154000
CH,G10a,9,F,3001,4400,12801,19300,154001,231000
CH,G10a,10,J,4401,9999999999,19301,9999999999,231001,9999999999
CH,G12a,1,K,0,400,0,1700,0,20000
CH,G12a,2,S,401,800,1701,3400,20001,40000
CH,G12a,3,D,801,1000,3401,4500,40001,54000
CH,G12a,4,N,1001,1300,4501,5600,54001,67000
CH,G12a,5,G,1301,1500,5601,6700,67001,80000
CH,G12a,6,T,1501,1800,6701,7800,80001,94000
CH,G12a,7,L,1801,2100,7801,8900,94001,107000
CH,G12a,8,Q,2101,2600,8901,11200,107001,134000
CH,G12a,9,F,2601,3900,11201,16800,134001,201000
CH,G12a,10,J,3901,9999999999,16801,9999999999,201001,9999999999
CH,G12b,1,K,0,200,0,1000,0,12000
CH,G12b,2,S,201,500,1001,2000,12001,24000
CH,G12b,3,D,501,600,2001,2700,24001,32000
CH,G12b,4,N,601,800,2701,3300,32001,40000
CH,G12b,5,G,801,900,3301,4000,40001,48000
CH,G12b,6,T,901,1100,4001,4700,48001,56000
CH,G12b,7,L,1101,1200,4701,5300,56001,64000
CH,G12b,8,Q,1201,1500,5301,6700,64001,80000
CH,G12b,9,F,1501,2300,6701,10000,80001,120000
CH,G12b,10,J,2301,9999999999,10001,9999999999,120001,9999999999
CH,G12c,1,K,0,200,0,700,0,8000
CH,G12c,2,S,201,300,701,1400,8001,17000
CH,G12c,3,D,301,400,1401,1900,17001,22000
CH,G12c,4,N,401,500,1901,2300,22001,28000
CH,G12c,5,G,501,600,2301,2800,28001,34000
CH,G12c,6,T,601,800,2801,3300,34001,39000
CH,G12c,7,L,801,900,3301,3700,39001,45000
CH,G12c,8,Q,901,1100,3701,4700,45001,56000
CH,G12c,9,F,1101,1600,4701,7000,56001,84000
CH,G12c,10,J,1601,9999999999,7001,9999999999,84001,9999999999
GB,G10a,1,K,0,175,0,750,0,9000
GB,G10a,2,S,175,350,750,1500,9000,18000
GB,G10a,3,D,350,450,1500,2000,18000,24000
GB,G10a,4,N,450,550,2000,2500,24000,29000
GB,G10a,5,G,550,700,2500,3000,29000,35000
GB,G10a,6,T,700,800,3000,3500,35000,41000
GB,G10a,7,L,800,900,3500,4000,41000,47000
GB,G10a,8,Q,900,1100,4000,5000,47000,59000
GB,G10a,9,F,1100,1700,5000,7500,59000,88000
GB,G10a,10,J,1700,9999999999,7500,9999999999,88000,9999999999
GB,G12a,1,K,0,130,0,550,0,6500
GB,G12a,2,S,130,250,550,1100,6500,13000
GB,G12a,3,D,250,350,1100,1500,13000,18000
GB,G12a,4,N,350,425,1500,1800,18000,22000
GB,G12a,5,G,425,500,1800,2200,22000,27000
GB,G12a,6,T,500,600,2200,2600,27000,31000
GB,G12a,7,L,600,700,2600,3000,31000,35000
GB,G12a,8,Q,700,850,3000,3700,35000,44000
GB,G12a,9,F,850,1300,3700,5500,44000,66000
GB,G12a,10,J,1300,9999999999,5500,9999999999,66000,9999999999
GB,G12b,1,K,0,50,0,200,0,2500
GB,G12b,2,S,50,100,200,450,2500,5000
GB,G12b,3,D,100,125,450,600,5000,7000
GB,G12b,4,N,125,175,600,700,7000,9000
GB,G12b,5,G,175,200,700,900,9000,11000
GB,G12b,6,T,200,250,900,1000,11000,12000
GB,G12b,7,L,250,300,1000,1200,12000,14000
GB,G12b,8,Q,300,350,1200,1500,14000,18000
GB,G12b,9,F,350,500,1500,2200,18000,27000
GB,G12b,10,J,500,9999999999,2200,9999999999,27000,9999999999
GB,G12c,1,K,0,60,0,250,0,3000
GB,G12c,2,S,60,120,250,500,3000,6000
GB,G12c,3,D,120,150,500,700,6000,8000
GB,G12c,4,N,150,200,700,850,8000,10000
GB,G12c,5,G,200,250,850,1000,10000,12000
GB,G12c,6,T,250,275,1000,1200,12000,14000
GB,G12c,7,L,275,300,1200,1400,14000,16000
GB,G12c,8,Q,300,400,1400,1700,16000,20000
GB,G12c,9,F,400,600,1700,2500,20000,30000
GB,G12c,10,J,600,9999999999,2500,9999999999,30000,9999999999
